{
  "n_train": 83,
  "n_val": 82,
  "train_bugf_psnr_avg": 27.66657675317971,
  "train_d3dgs_psnr_avg": 27.838885089001025,
  "val_bugf_psnr_avg": 24.378151893615723,
  "val_d3dgs_psnr_avg": 25.37818434180283,
  "train_bugf_psnr_d3gt_avg": 28.996597703680933,
  "train_d3dgs_psnr_d3gt_avg": 29.410047852849384,
  "val_bugf_psnr_d3gt_avg": 25.056830615532107,
  "val_d3dgs_psnr_d3gt_avg": 26.255899801486876,
  "train_bugf_lpips_vgg_avg": 0.44461809691176357,
  "train_d3dgs_lpips_vgg_avg": 0.40513442797833177,
  "val_bugf_lpips_vgg_avg": 0.49887102987708115,
  "val_d3dgs_lpips_vgg_avg": 0.43379040680280545,
  "train_bugf_lpips_vgg_d3gt_avg": 0.3849866986274719,
  "train_d3dgs_lpips_vgg_d3gt_avg": 0.3300683063914977,
  "val_bugf_lpips_vgg_d3gt_avg": 0.4458355856377904,
  "val_d3dgs_lpips_vgg_d3gt_avg": 0.3637838908811895,
  "train_bugf_lpips_alex_avg": 0.37806319580020675,
  "train_d3dgs_lpips_alex_avg": 0.3735324840947806,
  "val_bugf_lpips_alex_avg": 0.4107533798712056,
  "val_d3dgs_lpips_alex_avg": 0.3886910775085775,
  "train_bugf_lpips_alex_d3gt_avg": 0.28324843440429276,
  "train_d3dgs_lpips_alex_d3gt_avg": 0.2691903381821621,
  "val_bugf_lpips_alex_d3gt_avg": 0.3196348239008973,
  "val_d3dgs_lpips_alex_d3gt_avg": 0.287044164974515,
  "val_gt_gt_psnr_avg": 35.77132169211783,
  "train_gt_gt_psnr_avg": 35.784943040594996,
  "train_bugf_l1_avg": 0.025956523279289167,
  "train_d3dgs_l1_avg": 0.02546266733433109,
  "val_bugf_l1_avg": 0.037690248249507535,
  "val_d3dgs_l1_avg": 0.03210548618126933
}