{
  "n_train": 83,
  "n_val": 82,
  "train_bugf_psnr_avg": 26.88334255907909,
  "train_d3dgs_psnr_avg": 27.838885089001025,
  "val_bugf_psnr_avg": 25.098756627338688,
  "val_d3dgs_psnr_avg": 25.37818434180283,
  "train_bugf_l1_avg": 0.028027930397944278,
  "train_d3dgs_l1_avg": 0.02546266733433109,
  "val_bugf_l1_avg": 0.03437045314235658,
  "val_d3dgs_l1_avg": 0.03210548618126933
}