{
  "edge_l1_sh3": 0.07804045081138611,
  "edge_l1_lrdec": 0.06775639951229095,
  "edge_l1_d3": 0.061012815684080124,
  "flat_l1_sh3": 0.02570832148194313,
  "flat_l1_lrdec": 0.021070236340165138,
  "flat_l1_d3": 0.017952371388673782,
  "sh3_hf_loss_db": 5.025466380189596,
  "d3_hf_loss_db": 2.740156544673348
}