{
  "n_train": 83,
  "n_val": 82,
  "train_bugf_psnr_avg": 26.88334255907909,
  "train_d3dgs_psnr_avg": 27.838885089001025,
  "val_bugf_psnr_avg": 25.098756627338688,
  "val_d3dgs_psnr_avg": 25.37818434180283,
  "train_bugf_psnr_d3gt_avg": 28.119653816682746,
  "train_d3dgs_psnr_d3gt_avg": 29.410047852849384,
  "val_bugf_psnr_d3gt_avg": 25.92232950722299,
  "val_d3dgs_psnr_d3gt_avg": 26.255899801486876,
  "train_bugf_lpips_avg": 0.5532875649900322,
  "train_d3dgs_lpips_avg": 0.3735324840947806,
  "val_bugf_lpips_avg": 0.5687973437512793,
  "val_d3dgs_lpips_avg": 0.3886910775085775,
  "train_bugf_lpips_d3gt_avg": 0.46393482548644743,
  "train_d3dgs_lpips_d3gt_avg": 0.2691903381821621,
  "val_bugf_lpips_d3gt_avg": 0.4806818420567164,
  "val_d3dgs_lpips_d3gt_avg": 0.287044164974515,
  "val_gt_gt_psnr_avg": 35.77132169211783,
  "train_gt_gt_psnr_avg": 35.784943040594996,
  "train_bugf_l1_avg": 0.028027930397944278,
  "train_d3dgs_l1_avg": 0.02546266733433109,
  "val_bugf_l1_avg": 0.03437045314235658,
  "val_d3dgs_l1_avg": 0.03210548618126933
}