{
  "n_train": 83,
  "n_val": 82,
  "train_bugf_psnr_avg": 27.839600666459784,
  "train_d3dgs_psnr_avg": 27.838885089001025,
  "val_bugf_psnr_avg": 24.439382134414302,
  "val_d3dgs_psnr_avg": 25.37818434180283,
  "train_bugf_psnr_d3gt_avg": 29.296197500573584,
  "train_d3dgs_psnr_d3gt_avg": 29.410047852849384,
  "val_bugf_psnr_d3gt_avg": 25.133167476188845,
  "val_d3dgs_psnr_d3gt_avg": 26.255899801486876,
  "train_bugf_lpips_avg": 0.42713458028184365,
  "train_d3dgs_lpips_avg": 0.3735324840947806,
  "val_bugf_lpips_avg": 0.46244697963319176,
  "val_d3dgs_lpips_avg": 0.3886910775085775,
  "train_bugf_lpips_d3gt_avg": 0.3273340908877821,
  "train_d3dgs_lpips_d3gt_avg": 0.2691903381821621,
  "val_bugf_lpips_d3gt_avg": 0.36706735920615313,
  "val_d3dgs_lpips_d3gt_avg": 0.287044164974515,
  "val_gt_gt_psnr_avg": 35.77132169211783,
  "train_gt_gt_psnr_avg": 35.784943040594996,
  "train_bugf_l1_avg": 0.025441668613488417,
  "train_d3dgs_l1_avg": 0.02546266733433109,
  "val_bugf_l1_avg": 0.03733169680415857,
  "val_d3dgs_l1_avg": 0.03210548618126933
}