{
  "n_train": 83,
  "n_val": 82,
  "train_bugf_psnr_avg": 27.2789289405547,
  "train_d3dgs_psnr_avg": 27.838885089001025,
  "val_bugf_psnr_avg": 25.096843091452993,
  "val_d3dgs_psnr_avg": 25.37818434180283,
  "train_bugf_psnr_d3gt_avg": 28.64253232565271,
  "train_d3dgs_psnr_d3gt_avg": 29.410047852849384,
  "val_bugf_psnr_d3gt_avg": 25.92087636342863,
  "val_d3dgs_psnr_d3gt_avg": 26.255899801486876,
  "train_bugf_lpips_avg": 0.4890486124050186,
  "train_d3dgs_lpips_avg": 0.3735324840947806,
  "val_bugf_lpips_avg": 0.5051895380020142,
  "val_d3dgs_lpips_avg": 0.3886910775085775,
  "train_bugf_lpips_d3gt_avg": 0.392587294420564,
  "train_d3dgs_lpips_d3gt_avg": 0.2691903381821621,
  "val_bugf_lpips_d3gt_avg": 0.4107121221902894,
  "val_d3dgs_lpips_d3gt_avg": 0.287044164974515,
  "val_gt_gt_psnr_avg": 35.77132169211783,
  "train_gt_gt_psnr_avg": 35.784943040594996,
  "train_bugf_l1_avg": 0.02683816852429545,
  "train_d3dgs_l1_avg": 0.02546266733433109,
  "val_bugf_l1_avg": 0.03434005411478078,
  "val_d3dgs_l1_avg": 0.03210548618126933
}